"order_id","customer_id","employee_id","order_date","required_date","shipped_date","ship_via","freight","ship_name","ship_address","ship_city","ship_region","ship_postal_code","ship_country","product_id_details","unit_price_details","quantity_details","discount_details"
10248,VINET,5,"1996-07-04","1996-08-01","1996-07-16",3,32.38,Vins et alcools Chevalier,"59 rue de l'Abbaye",Reims,"","51100",France,72,34.80,5,0.00
10248,VINET,5,"1996-07-04","1996-08-01","1996-07-16",3,32.38,Vins et alcools Chevalier,"59 rue de l'Abbaye",Reims,"","51100",France,42,9.80,10,0.00
10248,VINET,5,"1996-07-04","1996-08-01","1996-07-16",3,32.38,Vins et alcools Chevalier,"59 rue de l'Abbaye",Reims,"","51100",France,11,14.00,12,0.00
10249,TOMSP,6,"1996-07-05","1996-08-16","1996-07-10",1,11.61,Toms Spezialitäten,Luisenstr. 48,Münster,"","44087",Germany,51,42.40,40,0.00
10249,TOMSP,6,"1996-07-05","1996-08-16","1996-07-10",1,11.61,Toms Spezialitäten,Luisenstr. 48,Münster,"","44087",Germany,14,18.60,9,0.00
10250,HANAR,4,"1996-07-08","1996-08-05","1996-07-12",2,65.83,Hanari Carnes,"Rua do Paço, 67",Rio de Janeiro,RJ,"05454-876",Brazil,65,16.80,15,0.15
10250,HANAR,4,"1996-07-08","1996-08-05","1996-07-12",2,65.83,Hanari Carnes,"Rua do Paço, 67",Rio de Janeiro,RJ,"05454-876",Brazil,51,42.40,35,0.15
10250,HANAR,4,"1996-07-08","1996-08-05","1996-07-12",2,65.83,Hanari Carnes,"Rua do Paço, 67",Rio de Janeiro,RJ,"05454-876",Brazil,41,7.70,10,0.00
10251,VICTE,3,"1996-07-08","1996-08-05","1996-07-15",1,41.34,Victuailles en stock,"2, rue du Commerce",Lyon,"","69004",France,65,16.80,20,0.00
10251,VICTE,3,"1996-07-08","1996-08-05","1996-07-15",1,41.34,Victuailles en stock,"2, rue du Commerce",Lyon,"","69004",France,57,15.60,15,0.05
10251,VICTE,3,"1996-07-08","1996-08-05","1996-07-15",1,41.34,Victuailles en stock,"2, rue du Commerce",Lyon,"","69004",France,22,16.80,6,0.05
10252,SUPRD,4,"1996-07-09","1996-08-06","1996-07-11",2,51.3,Suprêmes délices,"Boulevard Tirou, 255",Charleroi,"",B-6000,Belgium,60,27.20,40,0.00
10252,SUPRD,4,"1996-07-09","1996-08-06","1996-07-11",2,51.3,Suprêmes délices,"Boulevard Tirou, 255",Charleroi,"",B-6000,Belgium,33,2.00,25,0.05
10252,SUPRD,4,"1996-07-09","1996-08-06","1996-07-11",2,51.3,Suprêmes délices,"Boulevard Tirou, 255",Charleroi,"",B-6000,Belgium,20,64.80,40,0.05
10253,HANAR,3,"1996-07-10","1996-07-24","1996-07-16",2,58.17,Hanari Carnes,"Rua do Paço, 67",Rio de Janeiro,RJ,"05454-876",Brazil,49,16.00,40,0.00
10253,HANAR,3,"1996-07-10","1996-07-24","1996-07-16",2,58.17,Hanari Carnes,"Rua do Paço, 67",Rio de Janeiro,RJ,"05454-876",Brazil,39,14.40,42,0.00
10253,HANAR,3,"1996-07-10","1996-07-24","1996-07-16",2,58.17,Hanari Carnes,"Rua do Paço, 67",Rio de Janeiro,RJ,"05454-876",Brazil,31,10.00,20,0.00
10254,CHOPS,5,"1996-07-11","1996-08-08","1996-07-23",2,22.98,Chop-suey Chinese,Hauptstr. 31,Bern,"","3012",Switzerland,74,8.00,21,0.00
10254,CHOPS,5,"1996-07-11","1996-08-08","1996-07-23",2,22.98,Chop-suey Chinese,Hauptstr. 31,Bern,"","3012",Switzerland,55,19.20,21,0.15
10254,CHOPS,5,"1996-07-11","1996-08-08","1996-07-23",2,22.98,Chop-suey Chinese,Hauptstr. 31,Bern,"","3012",Switzerland,24,3.60,15,0.15
10255,RICSU,9,"1996-07-12","1996-08-09","1996-07-15",3,148.33,Richter Supermarkt,Starenweg 5,Genève,"","1204",Switzerland,59,44.00,30,0.00
10255,RICSU,9,"1996-07-12","1996-08-09","1996-07-15",3,148.33,Richter Supermarkt,Starenweg 5,Genève,"","1204",Switzerland,36,15.20,25,0.00
10255,RICSU,9,"1996-07-12","1996-08-09","1996-07-15",3,148.33,Richter Supermarkt,Starenweg 5,Genève,"","1204",Switzerland,16,13.90,35,0.00
10255,RICSU,9,"1996-07-12","1996-08-09","1996-07-15",3,148.33,Richter Supermarkt,Starenweg 5,Genève,"","1204",Switzerland,2,15.20,20,0.00
10256,WELLI,3,"1996-07-15","1996-08-12","1996-07-17",2,13.97,Wellington Importadora,"Rua do Mercado, 12",Resende,SP,"08737-363",Brazil,77,10.40,12,0.00
10256,WELLI,3,"1996-07-15","1996-08-12","1996-07-17",2,13.97,Wellington Importadora,"Rua do Mercado, 12",Resende,SP,"08737-363",Brazil,53,26.20,15,0.00
10257,HILAA,4,"1996-07-16","1996-08-13","1996-07-22",3,81.91,HILARION-Abastos,Carrera 22 con Ave. Carlos Soublette #8-35,San Cristóbal,Táchira,"5022",Venezuela,77,10.40,15,0.00
10257,HILAA,4,"1996-07-16","1996-08-13","1996-07-22",3,81.91,HILARION-Abastos,Carrera 22 con Ave. Carlos Soublette #8-35,San Cristóbal,Táchira,"5022",Venezuela,39,14.40,6,0.00
10257,HILAA,4,"1996-07-16","1996-08-13","1996-07-22",3,81.91,HILARION-Abastos,Carrera 22 con Ave. Carlos Soublette #8-35,San Cristóbal,Táchira,"5022",Venezuela,27,35.10,25,0.00
10258,ERNSH,1,"1996-07-17","1996-08-14","1996-07-23",1,140.51,Ernst Handel,Kirchgasse 6,Graz,"","8010",Austria,32,25.60,6,0.20
10258,ERNSH,1,"1996-07-17","1996-08-14","1996-07-23",1,140.51,Ernst Handel,Kirchgasse 6,Graz,"","8010",Austria,5,17.00,65,0.20
10258,ERNSH,1,"1996-07-17","1996-08-14","1996-07-23",1,140.51,Ernst Handel,Kirchgasse 6,Graz,"","8010",Austria,2,15.20,50,0.20
10259,CENTC,4,"1996-07-18","1996-08-15","1996-07-25",3,3.25,Centro comercial Moctezuma,Sierras de Granada 9993,México D.F.,"","05022",Mexico,37,20.80,1,0.00
10259,CENTC,4,"1996-07-18","1996-08-15","1996-07-25",3,3.25,Centro comercial Moctezuma,Sierras de Granada 9993,México D.F.,"","05022",Mexico,21,8.00,10,0.00
10260,OTTIK,4,"1996-07-19","1996-08-16","1996-07-29",1,55.09,Ottilies Käseladen,Mehrheimerstr. 369,Köln,"","50739",Germany,70,12.00,21,0.25
10260,OTTIK,4,"1996-07-19","1996-08-16","1996-07-29",1,55.09,Ottilies Käseladen,Mehrheimerstr. 369,Köln,"","50739",Germany,62,39.40,15,0.25
10260,OTTIK,4,"1996-07-19","1996-08-16","1996-07-29",1,55.09,Ottilies Käseladen,Mehrheimerstr. 369,Köln,"","50739",Germany,57,15.60,50,0.00
10260,OTTIK,4,"1996-07-19","1996-08-16","1996-07-29",1,55.09,Ottilies Käseladen,Mehrheimerstr. 369,Köln,"","50739",Germany,41,7.70,16,0.25
10261,QUEDE,4,"1996-07-19","1996-08-16","1996-07-30",2,3.05,Que Delícia,"Rua da Panificadora, 12",Rio de Janeiro,RJ,"02389-673",Brazil,35,14.40,20,0.00
10261,QUEDE,4,"1996-07-19","1996-08-16","1996-07-30",2,3.05,Que Delícia,"Rua da Panificadora, 12",Rio de Janeiro,RJ,"02389-673",Brazil,21,8.00,20,0.00
10262,RATTC,8,"1996-07-22","1996-08-19","1996-07-25",3,48.29,Rattlesnake Canyon Grocery,"2817 Milton Dr.",Albuquerque,NM,"87110",USA,56,30.40,2,0.00
10262,RATTC,8,"1996-07-22","1996-08-19","1996-07-25",3,48.29,Rattlesnake Canyon Grocery,"2817 Milton Dr.",Albuquerque,NM,"87110",USA,7,24.00,15,0.00
10262,RATTC,8,"1996-07-22","1996-08-19","1996-07-25",3,48.29,Rattlesnake Canyon Grocery,"2817 Milton Dr.",Albuquerque,NM,"87110",USA,5,17.00,12,0.20
10263,ERNSH,9,"1996-07-23","1996-08-20","1996-07-31",3,146.06,Ernst Handel,Kirchgasse 6,Graz,"","8010",Austria,74,8.00,36,0.25
10263,ERNSH,9,"1996-07-23","1996-08-20","1996-07-31",3,146.06,Ernst Handel,Kirchgasse 6,Graz,"","8010",Austria,30,20.70,60,0.25
10263,ERNSH,9,"1996-07-23","1996-08-20","1996-07-31",3,146.06,Ernst Handel,Kirchgasse 6,Graz,"","8010",Austria,24,3.60,28,0.00
10263,ERNSH,9,"1996-07-23","1996-08-20","1996-07-31",3,146.06,Ernst Handel,Kirchgasse 6,Graz,"","8010",Austria,16,13.90,60,0.25
10264,FOLKO,6,"1996-07-24","1996-08-21","1996-08-23",3,3.67,Folk och fä HB,Åkergatan 24,Bräcke,"",S-844 67,Sweden,41,7.70,25,0.15
10264,FOLKO,6,"1996-07-24","1996-08-21","1996-08-23",3,3.67,Folk och fä HB,Åkergatan 24,Bräcke,"",S-844 67,Sweden,2,15.20,35,0.00
10265,BLONP,2,"1996-07-25","1996-08-22","1996-08-12",1,55.28,Blondel père et fils,"24, place Kléber",Strasbourg,"","67000",France,70,12.00,20,0.00
10265,BLONP,2,"1996-07-25","1996-08-22","1996-08-12",1,55.28,Blondel père et fils,"24, place Kléber",Strasbourg,"","67000",France,17,31.20,30,0.00
10266,WARTH,3,"1996-07-26","1996-09-06","1996-07-31",3,25.73,Wartian Herkku,Torikatu 38,Oulu,"","90110",Finland,12,30.40,12,0.05
10267,FRANK,4,"1996-07-29","1996-08-26","1996-08-06",1,208.58,Frankenversand,Berliner Platz 43,München,"","80805",Germany,76,14.40,15,0.15
10267,FRANK,4,"1996-07-29","1996-08-26","1996-08-06",1,208.58,Frankenversand,Berliner Platz 43,München,"","80805",Germany,59,44.00,70,0.15
10267,FRANK,4,"1996-07-29","1996-08-26","1996-08-06",1,208.58,Frankenversand,Berliner Platz 43,München,"","80805",Germany,40,14.70,50,0.00
10268,GROSR,8,"1996-07-30","1996-08-27","1996-08-02",3,66.29,GROSELLA-Restaurante,"5ª Ave. Los Palos Grandes",Caracas,DF,"1081",Venezuela,72,27.80,4,0.00
10268,GROSR,8,"1996-07-30","1996-08-27","1996-08-02",3,66.29,GROSELLA-Restaurante,"5ª Ave. Los Palos Grandes",Caracas,DF,"1081",Venezuela,29,99.00,10,0.00
10269,WHITC,5,"1996-07-31","1996-08-14","1996-08-09",1,4.56,White Clover Markets,"1029 - 12th Ave. S.",Seattle,WA,"98124",USA,72,27.80,20,0.05
10269,WHITC,5,"1996-07-31","1996-08-14","1996-08-09",1,4.56,White Clover Markets,"1029 - 12th Ave. S.",Seattle,WA,"98124",USA,33,2.00,60,0.05
10270,WARTH,1,"1996-08-01","1996-08-29","1996-08-02",1,136.54,Wartian Herkku,Torikatu 38,Oulu,"","90110",Finland,43,36.80,25,0.00
10270,WARTH,1,"1996-08-01","1996-08-29","1996-08-02",1,136.54,Wartian Herkku,Torikatu 38,Oulu,"","90110",Finland,36,15.20,30,0.00
10271,SPLIR,6,"1996-08-01","1996-08-29","1996-08-30",2,4.54,Split Rail Beer & Ale,P.O. Box 555,Lander,WY,"82520",USA,33,2.00,24,0.00
10272,RATTC,6,"1996-08-02","1996-08-30","1996-08-06",2,98.03,Rattlesnake Canyon Grocery,"2817 Milton Dr.",Albuquerque,NM,"87110",USA,72,27.80,24,0.00
10272,RATTC,6,"1996-08-02","1996-08-30","1996-08-06",2,98.03,Rattlesnake Canyon Grocery,"2817 Milton Dr.",Albuquerque,NM,"87110",USA,31,10.00,40,0.00
10272,RATTC,6,"1996-08-02","1996-08-30","1996-08-06",2,98.03,Rattlesnake Canyon Grocery,"2817 Milton Dr.",Albuquerque,NM,"87110",USA,20,64.80,6,0.00
10273,QUICK,3,"1996-08-05","1996-09-02","1996-08-12",3,76.07,QUICK-Stop,Taucherstraße 10,Cunewalde,"","01307",Germany,76,14.40,33,0.05
10273,QUICK,3,"1996-08-05","1996-09-02","1996-08-12",3,76.07,QUICK-Stop,Taucherstraße 10,Cunewalde,"","01307",Germany,40,14.70,60,0.05
10273,QUICK,3,"1996-08-05","1996-09-02","1996-08-12",3,76.07,QUICK-Stop,Taucherstraße 10,Cunewalde,"","01307",Germany,33,2.00,20,0.00
10273,QUICK,3,"1996-08-05","1996-09-02","1996-08-12",3,76.07,QUICK-Stop,Taucherstraße 10,Cunewalde,"","01307",Germany,31,10.00,15,0.05
10273,QUICK,3,"1996-08-05","1996-09-02","1996-08-12",3,76.07,QUICK-Stop,Taucherstraße 10,Cunewalde,"","01307",Germany,10,24.80,24,0.05
10274,VINET,6,"1996-08-06","1996-09-03","1996-08-16",1,6.01,Vins et alcools Chevalier,"59 rue de l'Abbaye",Reims,"","51100",France,72,27.80,7,0.00
10274,VINET,6,"1996-08-06","1996-09-03","1996-08-16",1,6.01,Vins et alcools Chevalier,"59 rue de l'Abbaye",Reims,"","51100",France,71,17.20,20,0.00
10275,MAGAA,1,"1996-08-07","1996-09-04","1996-08-09",1,26.93,Magazzini Alimentari Riuniti,Via Ludovico il Moro 22,Bergamo,"","24100",Italy,59,44.00,6,0.05
10275,MAGAA,1,"1996-08-07","1996-09-04","1996-08-09",1,26.93,Magazzini Alimentari Riuniti,Via Ludovico il Moro 22,Bergamo,"","24100",Italy,24,3.60,12,0.05
10276,TORTU,8,"1996-08-08","1996-08-22","1996-08-14",3,13.84,Tortuga Restaurante,Avda. Azteca 123,México D.F.,"","05033",Mexico,13,4.80,10,0.00
10276,TORTU,8,"1996-08-08","1996-08-22","1996-08-14",3,13.84,Tortuga Restaurante,Avda. Azteca 123,México D.F.,"","05033",Mexico,10,24.80,15,0.00
10277,MORGK,2,"1996-08-09","1996-09-06","1996-08-13",3,125.77,Morgenstern Gesundkost,Heerstr. 22,Leipzig,"","04179",Germany,62,39.40,12,0.00
10277,MORGK,2,"1996-08-09","1996-09-06","1996-08-13",3,125.77,Morgenstern Gesundkost,Heerstr. 22,Leipzig,"","04179",Germany,28,36.40,20,0.00
10278,BERGS,8,"1996-08-12","1996-09-09","1996-08-16",2,92.69,Berglunds snabbköp,Berguvsvägen  8,Luleå,"",S-958 22,Sweden,73,12.00,25,0.00
10278,BERGS,8,"1996-08-12","1996-09-09","1996-08-16",2,92.69,Berglunds snabbköp,Berguvsvägen  8,Luleå,"",S-958 22,Sweden,63,35.10,8,0.00
10278,BERGS,8,"1996-08-12","1996-09-09","1996-08-16",2,92.69,Berglunds snabbköp,Berguvsvägen  8,Luleå,"",S-958 22,Sweden,59,44.00,15,0.00
10278,BERGS,8,"1996-08-12","1996-09-09","1996-08-16",2,92.69,Berglunds snabbköp,Berguvsvägen  8,Luleå,"",S-958 22,Sweden,44,15.50,16,0.00
10279,LEHMS,8,"1996-08-13","1996-09-10","1996-08-16",2,25.83,Lehmanns Marktstand,Magazinweg 7,Frankfurt a.M.,"","60528",Germany,17,31.20,15,0.25
10280,BERGS,2,"1996-08-14","1996-09-11","1996-09-12",1,8.98,Berglunds snabbköp,Berguvsvägen  8,Luleå,"",S-958 22,Sweden,75,6.20,30,0.00
10280,BERGS,2,"1996-08-14","1996-09-11","1996-09-12",1,8.98,Berglunds snabbköp,Berguvsvägen  8,Luleå,"",S-958 22,Sweden,55,19.20,20,0.00
10280,BERGS,2,"1996-08-14","1996-09-11","1996-09-12",1,8.98,Berglunds snabbköp,Berguvsvägen  8,Luleå,"",S-958 22,Sweden,24,3.60,12,0.00
10281,ROMEY,4,"1996-08-14","1996-08-28","1996-08-21",1,2.94,Romero y tomillo,"Gran Vía, 1",Madrid,"","28001",Spain,35,14.40,4,0.00
10281,ROMEY,4,"1996-08-14","1996-08-28","1996-08-21",1,2.94,Romero y tomillo,"Gran Vía, 1",Madrid,"","28001",Spain,24,3.60,6,0.00
10281,ROMEY,4,"1996-08-14","1996-08-28","1996-08-21",1,2.94,Romero y tomillo,"Gran Vía, 1",Madrid,"","28001",Spain,19,7.30,1,0.00
10282,ROMEY,4,"1996-08-15","1996-09-12","1996-08-21",1,12.69,Romero y tomillo,"Gran Vía, 1",Madrid,"","28001",Spain,57,15.60,2,0.00
10282,ROMEY,4,"1996-08-15","1996-09-12","1996-08-21",1,12.69,Romero y tomillo,"Gran Vía, 1",Madrid,"","28001",Spain,30,20.70,6,0.00
10283,LILAS,3,"1996-08-16","1996-09-13","1996-08-23",3,84.81,LILA-Supermercado,Carrera 52 con Ave. Bolívar #65-98 Llano Largo,Barquisimeto,Lara,"3508",Venezuela,72,27.80,3,0.00
10283,LILAS,3,"1996-08-16","1996-09-13","1996-08-23",3,84.81,LILA-Supermercado,Carrera 52 con Ave. Bolívar #65-98 Llano Largo,Barquisimeto,Lara,"3508",Venezuela,60,27.20,35,0.00
10283,LILAS,3,"1996-08-16","1996-09-13","1996-08-23",3,84.81,LILA-Supermercado,Carrera 52 con Ave. Bolívar #65-98 Llano Largo,Barquisimeto,Lara,"3508",Venezuela,19,7.30,18,0.00
10283,LILAS,3,"1996-08-16","1996-09-13","1996-08-23",3,84.81,LILA-Supermercado,Carrera 52 con Ave. Bolívar #65-98 Llano Largo,Barquisimeto,Lara,"3508",Venezuela,15,12.40,20,0.00
10284,LEHMS,4,"1996-08-19","1996-09-16","1996-08-27",1,76.56,Lehmanns Marktstand,Magazinweg 7,Frankfurt a.M.,"","60528",Germany,67,11.20,5,0.25
10284,LEHMS,4,"1996-08-19","1996-09-16","1996-08-27",1,76.56,Lehmanns Marktstand,Magazinweg 7,Frankfurt a.M.,"","60528",Germany,60,27.20,20,0.25
10284,LEHMS,4,"1996-08-19","1996-09-16","1996-08-27",1,76.56,Lehmanns Marktstand,Magazinweg 7,Frankfurt a.M.,"","60528",Germany,44,15.50,21,0.00
10284,LEHMS,4,"1996-08-19","1996-09-16","1996-08-27",1,76.56,Lehmanns Marktstand,Magazinweg 7,Frankfurt a.M.,"","60528",Germany,27,35.10,15,0.25
10285,QUICK,1,"1996-08-20","1996-09-17","1996-08-26",2,76.83,QUICK-Stop,Taucherstraße 10,Cunewalde,"","01307",Germany,53,26.20,36,0.20
10285,QUICK,1,"1996-08-20","1996-09-17","1996-08-26",2,76.83,QUICK-Stop,Taucherstraße 10,Cunewalde,"","01307",Germany,40,14.70,40,0.20
10285,QUICK,1,"1996-08-20","1996-09-17","1996-08-26",2,76.83,QUICK-Stop,Taucherstraße 10,Cunewalde,"","01307",Germany,1,14.40,45,0.20
10286,QUICK,8,"1996-08-21","1996-09-18","1996-08-30",3,229.24,QUICK-Stop,Taucherstraße 10,Cunewalde,"","01307",Germany,62,39.40,40,0.00
10286,QUICK,8,"1996-08-21","1996-09-18","1996-08-30",3,229.24,QUICK-Stop,Taucherstraße 10,Cunewalde,"","01307",Germany,35,14.40,100,0.00
10287,RICAR,8,"1996-08-22","1996-09-19","1996-08-28",3,12.76,Ricardo Adocicados,"Av. Copacabana, 267",Rio de Janeiro,RJ,"02389-890",Brazil,46,9.60,15,0.15
10287,RICAR,8,"1996-08-22","1996-09-19","1996-08-28",3,12.76,Ricardo Adocicados,"Av. Copacabana, 267",Rio de Janeiro,RJ,"02389-890",Brazil,34,11.20,20,0.00
10287,RICAR,8,"1996-08-22","1996-09-19","1996-08-28",3,12.76,Ricardo Adocicados,"Av. Copacabana, 267",Rio de Janeiro,RJ,"02389-890",Brazil,16,13.90,40,0.15
10288,REGGC,4,"1996-08-23","1996-09-20","1996-09-03",1,7.45,Reggiani Caseifici,Strada Provinciale 124,Reggio Emilia,"","42100",Italy,68,10.00,3,0.10
10288,REGGC,4,"1996-08-23","1996-09-20","1996-09-03",1,7.45,Reggiani Caseifici,Strada Provinciale 124,Reggio Emilia,"","42100",Italy,54,5.90,10,0.10
10289,BSBEV,7,"1996-08-26","1996-09-23","1996-08-28",3,22.77,B's Beverages,Fauntleroy Circus,London,"",EC2 5NT,UK,64,26.60,9,0.00
10289,BSBEV,7,"1996-08-26","1996-09-23","1996-08-28",3,22.77,B's Beverages,Fauntleroy Circus,London,"",EC2 5NT,UK,3,8.00,30,0.00
10290,COMMI,8,"1996-08-27","1996-09-24","1996-09-03",1,79.7,Comércio Mineiro,"Av. dos Lusíadas, 23",Sao Paulo,SP,"05432-043",Brazil,77,10.40,10,0.00
10290,COMMI,8,"1996-08-27","1996-09-24","1996-09-03",1,79.7,Comércio Mineiro,"Av. dos Lusíadas, 23",Sao Paulo,SP,"05432-043",Brazil,49,16.00,15,0.00
10290,COMMI,8,"1996-08-27","1996-09-24","1996-09-03",1,79.7,Comércio Mineiro,"Av. dos Lusíadas, 23",Sao Paulo,SP,"05432-043",Brazil,29,99.00,15,0.00
10290,COMMI,8,"1996-08-27","1996-09-24","1996-09-03",1,79.7,Comércio Mineiro,"Av. dos Lusíadas, 23",Sao Paulo,SP,"05432-043",Brazil,5,17.00,20,0.00
10291,QUEDE,6,"1996-08-27","1996-09-24","1996-09-04",2,6.4,Que Delícia,"Rua da Panificadora, 12",Rio de Janeiro,RJ,"02389-673",Brazil,51,42.40,2,0.10
10291,QUEDE,6,"1996-08-27","1996-09-24","1996-09-04",2,6.4,Que Delícia,"Rua da Panificadora, 12",Rio de Janeiro,RJ,"02389-673",Brazil,44,15.50,24,0.10
10291,QUEDE,6,"1996-08-27","1996-09-24","1996-09-04",2,6.4,Que Delícia,"Rua da Panificadora, 12",Rio de Janeiro,RJ,"02389-673",Brazil,13,4.80,20,0.10
10292,TRADH,1,"1996-08-28","1996-09-25","1996-09-02",2,1.35,Tradiçao Hipermercados,"Av. Inês de Castro, 414",Sao Paulo,SP,"05634-030",Brazil,20,64.80,20,0.00
10293,TORTU,1,"1996-08-29","1996-09-26","1996-09-11",3,21.18,Tortuga Restaurante,Avda. Azteca 123,México D.F.,"","05033",Mexico,75,6.20,6,0.00
10293,TORTU,1,"1996-08-29","1996-09-26","1996-09-11",3,21.18,Tortuga Restaurante,Avda. Azteca 123,México D.F.,"","05033",Mexico,63,35.10,5,0.00
10293,TORTU,1,"1996-08-29","1996-09-26","1996-09-11",3,21.18,Tortuga Restaurante,Avda. Azteca 123,México D.F.,"","05033",Mexico,24,3.60,10,0.00
10293,TORTU,1,"1996-08-29","1996-09-26","1996-09-11",3,21.18,Tortuga Restaurante,Avda. Azteca 123,México D.F.,"","05033",Mexico,18,50.00,12,0.00
10294,RATTC,4,"1996-08-30","1996-09-27","1996-09-05",2,147.26,Rattlesnake Canyon Grocery,"2817 Milton Dr.",Albuquerque,NM,"87110",USA,75,6.20,6,0.00
10294,RATTC,4,"1996-08-30","1996-09-27","1996-09-05",2,147.26,Rattlesnake Canyon Grocery,"2817 Milton Dr.",Albuquerque,NM,"87110",USA,60,27.20,21,0.00
10294,RATTC,4,"1996-08-30","1996-09-27","1996-09-05",2,147.26,Rattlesnake Canyon Grocery,"2817 Milton Dr.",Albuquerque,NM,"87110",USA,43,36.80,15,0.00
10294,RATTC,4,"1996-08-30","1996-09-27","1996-09-05",2,147.26,Rattlesnake Canyon Grocery,"2817 Milton Dr.",Albuquerque,NM,"87110",USA,17,31.20,15,0.00
10294,RATTC,4,"1996-08-30","1996-09-27","1996-09-05",2,147.26,Rattlesnake Canyon Grocery,"2817 Milton Dr.",Albuquerque,NM,"87110",USA,1,14.40,18,0.00
10295,VINET,2,"1996-09-02","1996-09-30","1996-09-10",2,1.15,Vins et alcools Chevalier,"59 rue de l'Abbaye",Reims,"","51100",France,56,30.40,4,0.00
10296,LILAS,6,"1996-09-03","1996-10-01","1996-09-11",1,0.12,LILA-Supermercado,Carrera 52 con Ave. Bolívar #65-98 Llano Largo,Barquisimeto,Lara,"3508",Venezuela,69,28.80,15,0.00
10296,LILAS,6,"1996-09-03","1996-10-01","1996-09-11",1,0.12,LILA-Supermercado,Carrera 52 con Ave. Bolívar #65-98 Llano Largo,Barquisimeto,Lara,"3508",Venezuela,16,13.90,30,0.00
10296,LILAS,6,"1996-09-03","1996-10-01","1996-09-11",1,0.12,LILA-Supermercado,Carrera 52 con Ave. Bolívar #65-98 Llano Largo,Barquisimeto,Lara,"3508",Venezuela,11,16.80,12,0.00
10297,BLONP,5,"1996-09-04","1996-10-16","1996-09-10",2,5.74,Blondel père et fils,"24, place Kléber",Strasbourg,"","67000",France,72,27.80,20,0.00
10297,BLONP,5,"1996-09-04","1996-10-16","1996-09-10",2,5.74,Blondel père et fils,"24, place Kléber",Strasbourg,"","67000",France,39,14.40,60,0.00
10298,HUNGO,6,"1996-09-05","1996-10-03","1996-09-11",2,168.22,Hungry Owl All-Night Grocers,"8 Johnstown Road",Cork,Co. Cork,"",Ireland,62,39.40,15,0.00
10298,HUNGO,6,"1996-09-05","1996-10-03","1996-09-11",2,168.22,Hungry Owl All-Night Grocers,"8 Johnstown Road",Cork,Co. Cork,"",Ireland,59,44.00,30,0.25
10298,HUNGO,6,"1996-09-05","1996-10-03","1996-09-11",2,168.22,Hungry Owl All-Night Grocers,"8 Johnstown Road",Cork,Co. Cork,"",Ireland,36,15.20,40,0.25
10298,HUNGO,6,"1996-09-05","1996-10-03","1996-09-11",2,168.22,Hungry Owl All-Night Grocers,"8 Johnstown Road",Cork,Co. Cork,"",Ireland,2,15.20,40,0.00
10299,RICAR,4,"1996-09-06","1996-10-04","1996-09-13",2,29.76,Ricardo Adocicados,"Av. Copacabana, 267",Rio de Janeiro,RJ,"02389-890",Brazil,70,12.00,20,0.00
10299,RICAR,4,"1996-09-06","1996-10-04","1996-09-13",2,29.76,Ricardo Adocicados,"Av. Copacabana, 267",Rio de Janeiro,RJ,"02389-890",Brazil,19,7.30,15,0.00
10300,MAGAA,2,"1996-09-09","1996-10-07","1996-09-18",2,17.68,Magazzini Alimentari Riuniti,Via Ludovico il Moro 22,Bergamo,"","24100",Italy,68,10.00,20,0.00
10300,MAGAA,2,"1996-09-09","1996-10-07","1996-09-18",2,17.68,Magazzini Alimentari Riuniti,Via Ludovico il Moro 22,Bergamo,"","24100",Italy,66,13.60,30,0.00
10301,WANDK,8,"1996-09-09","1996-10-07","1996-09-17",2,45.08,Die Wandernde Kuh,Adenauerallee 900,Stuttgart,"","70563",Germany,56,30.40,20,0.00
10301,WANDK,8,"1996-09-09","1996-10-07","1996-09-17",2,45.08,Die Wandernde Kuh,Adenauerallee 900,Stuttgart,"","70563",Germany,40,14.70,10,0.00
10302,SUPRD,4,"1996-09-10","1996-10-08","1996-10-09",2,6.27,Suprêmes délices,"Boulevard Tirou, 255",Charleroi,"",B-6000,Belgium,43,36.80,12,0.00
10302,SUPRD,4,"1996-09-10","1996-10-08","1996-10-09",2,6.27,Suprêmes délices,"Boulevard Tirou, 255",Charleroi,"",B-6000,Belgium,28,36.40,28,0.00
10302,SUPRD,4,"1996-09-10","1996-10-08","1996-10-09",2,6.27,Suprêmes délices,"Boulevard Tirou, 255",Charleroi,"",B-6000,Belgium,17,31.20,40,0.00
10303,GODOS,7,"1996-09-11","1996-10-09","1996-09-18",2,107.83,Godos Cocina Típica,"C/ Romero, 33",Sevilla,"","41101",Spain,68,10.00,15,0.10
10303,GODOS,7,"1996-09-11","1996-10-09","1996-09-18",2,107.83,Godos Cocina Típica,"C/ Romero, 33",Sevilla,"","41101",Spain,65,16.80,30,0.10
10303,GODOS,7,"1996-09-11","1996-10-09","1996-09-18",2,107.83,Godos Cocina Típica,"C/ Romero, 33",Sevilla,"","41101",Spain,40,14.70,40,0.10
10304,TORTU,1,"1996-09-12","1996-10-10","1996-09-17",2,63.79,Tortuga Restaurante,Avda. Azteca 123,México D.F.,"","05033",Mexico,71,17.20,2,0.00
10304,TORTU,1,"1996-09-12","1996-10-10","1996-09-17",2,63.79,Tortuga Restaurante,Avda. Azteca 123,México D.F.,"","05033",Mexico,59,44.00,10,0.00
10304,TORTU,1,"1996-09-12","1996-10-10","1996-09-17",2,63.79,Tortuga Restaurante,Avda. Azteca 123,México D.F.,"","05033",Mexico,49,16.00,30,0.00
10305,OLDWO,8,"1996-09-13","1996-10-11","1996-10-09",3,257.62,Old World Delicatessen,"2743 Bering St.",Anchorage,AK,"99508",USA,39,14.40,30,0.10
10305,OLDWO,8,"1996-09-13","1996-10-11","1996-10-09",3,257.62,Old World Delicatessen,"2743 Bering St.",Anchorage,AK,"99508",USA,29,99.00,25,0.10
10305,OLDWO,8,"1996-09-13","1996-10-11","1996-10-09",3,257.62,Old World Delicatessen,"2743 Bering St.",Anchorage,AK,"99508",USA,18,50.00,25,0.10
10306,ROMEY,1,"1996-09-16","1996-10-14","1996-09-23",3,7.56,Romero y tomillo,"Gran Vía, 1",Madrid,"","28001",Spain,54,5.90,5,0.00
10306,ROMEY,1,"1996-09-16","1996-10-14","1996-09-23",3,7.56,Romero y tomillo,"Gran Vía, 1",Madrid,"","28001",Spain,53,26.20,10,0.00
10306,ROMEY,1,"1996-09-16","1996-10-14","1996-09-23",3,7.56,Romero y tomillo,"Gran Vía, 1",Madrid,"","28001",Spain,30,20.70,10,0.00
10307,LONEP,2,"1996-09-17","1996-10-15","1996-09-25",2,0.56,Lonesome Pine Restaurant,"89 Chiaroscuro Rd.",Portland,OR,"97219",USA,68,10.00,3,0.00
10307,LONEP,2,"1996-09-17","1996-10-15","1996-09-25",2,0.56,Lonesome Pine Restaurant,"89 Chiaroscuro Rd.",Portland,OR,"97219",USA,62,39.40,10,0.00
10308,ANATR,7,"1996-09-18","1996-10-16","1996-09-24",3,1.61,Ana Trujillo Emparedados y helados,Avda. de la Constitución 2222,México D.F.,"","05021",Mexico,70,12.00,5,0.00
10308,ANATR,7,"1996-09-18","1996-10-16","1996-09-24",3,1.61,Ana Trujillo Emparedados y helados,Avda. de la Constitución 2222,México D.F.,"","05021",Mexico,69,28.80,1,0.00
10309,HUNGO,3,"1996-09-19","1996-10-17","1996-10-23",1,47.3,Hungry Owl All-Night Grocers,"8 Johnstown Road",Cork,Co. Cork,"",Ireland,71,17.20,3,0.00
10309,HUNGO,3,"1996-09-19","1996-10-17","1996-10-23",1,47.3,Hungry Owl All-Night Grocers,"8 Johnstown Road",Cork,Co. Cork,"",Ireland,43,36.80,20,0.00
10309,HUNGO,3,"1996-09-19","1996-10-17","1996-10-23",1,47.3,Hungry Owl All-Night Grocers,"8 Johnstown Road",Cork,Co. Cork,"",Ireland,42,11.20,2,0.00
10309,HUNGO,3,"1996-09-19","1996-10-17","1996-10-23",1,47.3,Hungry Owl All-Night Grocers,"8 Johnstown Road",Cork,Co. Cork,"",Ireland,6,20.00,30,0.00
10309,HUNGO,3,"1996-09-19","1996-10-17","1996-10-23",1,47.3,Hungry Owl All-Night Grocers,"8 Johnstown Road",Cork,Co. Cork,"",Ireland,4,17.60,20,0.00
10310,THEBI,8,"1996-09-20","1996-10-18","1996-09-27",2,17.52,The Big Cheese,"89 Jefferson Way Suite 2",Portland,OR,"97201",USA,62,39.40,5,0.00
10310,THEBI,8,"1996-09-20","1996-10-18","1996-09-27",2,17.52,The Big Cheese,"89 Jefferson Way Suite 2",Portland,OR,"97201",USA,16,13.90,10,0.00
10311,DUMON,1,"1996-09-20","1996-10-04","1996-09-26",3,24.69,Du monde entier,"67, rue des Cinquante Otages",Nantes,"","44000",France,69,28.80,7,0.00
10311,DUMON,1,"1996-09-20","1996-10-04","1996-09-26",3,24.69,Du monde entier,"67, rue des Cinquante Otages",Nantes,"","44000",France,42,11.20,6,0.00
10312,WANDK,2,"1996-09-23","1996-10-21","1996-10-03",2,40.26,Die Wandernde Kuh,Adenauerallee 900,Stuttgart,"","70563",Germany,75,6.20,10,0.00
10312,WANDK,2,"1996-09-23","1996-10-21","1996-10-03",2,40.26,Die Wandernde Kuh,Adenauerallee 900,Stuttgart,"","70563",Germany,53,26.20,20,0.00
10312,WANDK,2,"1996-09-23","1996-10-21","1996-10-03",2,40.26,Die Wandernde Kuh,Adenauerallee 900,Stuttgart,"","70563",Germany,43,36.80,24,0.00
10312,WANDK,2,"1996-09-23","1996-10-21","1996-10-03",2,40.26,Die Wandernde Kuh,Adenauerallee 900,Stuttgart,"","70563",Germany,28,36.40,4,0.00
10313,QUICK,2,"1996-09-24","1996-10-22","1996-10-04",2,1.96,QUICK-Stop,Taucherstraße 10,Cunewalde,"","01307",Germany,36,15.20,12,0.00
10314,RATTC,1,"1996-09-25","1996-10-23","1996-10-04",2,74.16,Rattlesnake Canyon Grocery,"2817 Milton Dr.",Albuquerque,NM,"87110",USA,62,39.40,25,0.10
10314,RATTC,1,"1996-09-25","1996-10-23","1996-10-04",2,74.16,Rattlesnake Canyon Grocery,"2817 Milton Dr.",Albuquerque,NM,"87110",USA,58,10.60,30,0.10
10314,RATTC,1,"1996-09-25","1996-10-23","1996-10-04",2,74.16,Rattlesnake Canyon Grocery,"2817 Milton Dr.",Albuquerque,NM,"87110",USA,32,25.60,40,0.10
10315,ISLAT,4,"1996-09-26","1996-10-24","1996-10-03",2,41.76,Island Trading,Garden House Crowther Way,Cowes,Isle of Wight,PO31 7PJ,UK,70,12.00,30,0.00
10315,ISLAT,4,"1996-09-26","1996-10-24","1996-10-03",2,41.76,Island Trading,Garden House Crowther Way,Cowes,Isle of Wight,PO31 7PJ,UK,34,11.20,14,0.00
10316,RATTC,1,"1996-09-27","1996-10-25","1996-10-08",3,150.15,Rattlesnake Canyon Grocery,"2817 Milton Dr.",Albuquerque,NM,"87110",USA,62,39.40,70,0.00
10316,RATTC,1,"1996-09-27","1996-10-25","1996-10-08",3,150.15,Rattlesnake Canyon Grocery,"2817 Milton Dr.",Albuquerque,NM,"87110",USA,41,7.70,10,0.00
10317,LONEP,6,"1996-09-30","1996-10-28","1996-10-10",1,12.69,Lonesome Pine Restaurant,"89 Chiaroscuro Rd.",Portland,OR,"97219",USA,1,14.40,20,0.00
10318,ISLAT,8,"1996-10-01","1996-10-29","1996-10-04",2,4.73,Island Trading,Garden House Crowther Way,Cowes,Isle of Wight,PO31 7PJ,UK,76,14.40,6,0.00
10318,ISLAT,8,"1996-10-01","1996-10-29","1996-10-04",2,4.73,Island Trading,Garden House Crowther Way,Cowes,Isle of Wight,PO31 7PJ,UK,41,7.70,20,0.00
10319,TORTU,7,"1996-10-02","1996-10-30","1996-10-11",3,64.5,Tortuga Restaurante,Avda. Azteca 123,México D.F.,"","05033",Mexico,76,14.40,30,0.00
10319,TORTU,7,"1996-10-02","1996-10-30","1996-10-11",3,64.5,Tortuga Restaurante,Avda. Azteca 123,México D.F.,"","05033",Mexico,28,36.40,14,0.00
10319,TORTU,7,"1996-10-02","1996-10-30","1996-10-11",3,64.5,Tortuga Restaurante,Avda. Azteca 123,México D.F.,"","05033",Mexico,17,31.20,8,0.00
10320,WARTH,5,"1996-10-03","1996-10-17","1996-10-18",3,34.57,Wartian Herkku,Torikatu 38,Oulu,"","90110",Finland,71,17.20,30,0.00
10321,ISLAT,3,"1996-10-03","1996-10-31","1996-10-11",2,3.43,Island Trading,Garden House Crowther Way,Cowes,Isle of Wight,PO31 7PJ,UK,35,14.40,10,0.00
10322,PERIC,7,"1996-10-04","1996-11-01","1996-10-23",3,0.4,Pericles Comidas clásicas,Calle Dr. Jorge Cash 321,México D.F.,"","05033",Mexico,52,5.60,20,0.00
10323,KOENE,4,"1996-10-07","1996-11-04","1996-10-14",1,4.88,Königlich Essen,Maubelstr. 90,Brandenburg,"","14776",Germany,39,14.40,4,0.00
10323,KOENE,4,"1996-10-07","1996-11-04","1996-10-14",1,4.88,Königlich Essen,Maubelstr. 90,Brandenburg,"","14776",Germany,25,11.20,4,0.00
10323,KOENE,4,"1996-10-07","1996-11-04","1996-10-14",1,4.88,Königlich Essen,Maubelstr. 90,Brandenburg,"","14776",Germany,15,12.40,5,0.00
10324,SAVEA,9,"1996-10-08","1996-11-05","1996-10-10",1,214.27,Save-a-lot Markets,"187 Suffolk Ln.",Boise,ID,"83720",USA,63,35.10,80,0.15
10324,SAVEA,9,"1996-10-08","1996-11-05","1996-10-10",1,214.27,Save-a-lot Markets,"187 Suffolk Ln.",Boise,ID,"83720",USA,59,44.00,40,0.15
10324,SAVEA,9,"1996-10-08","1996-11-05","1996-10-10",1,214.27,Save-a-lot Markets,"187 Suffolk Ln.",Boise,ID,"83720",USA,46,9.60,30,0.00
10324,SAVEA,9,"1996-10-08","1996-11-05","1996-10-10",1,214.27,Save-a-lot Markets,"187 Suffolk Ln.",Boise,ID,"83720",USA,35,14.40,70,0.15
10324,SAVEA,9,"1996-10-08","1996-11-05","1996-10-10",1,214.27,Save-a-lot Markets,"187 Suffolk Ln.",Boise,ID,"83720",USA,16,13.90,21,0.15
10325,KOENE,1,"1996-10-09","1996-10-23","1996-10-14",3,64.86,Königlich Essen,Maubelstr. 90,Brandenburg,"","14776",Germany,72,27.80,40,0.00
10325,KOENE,1,"1996-10-09","1996-10-23","1996-10-14",3,64.86,Königlich Essen,Maubelstr. 90,Brandenburg,"","14776",Germany,31,10.00,4,0.00
10325,KOENE,1,"1996-10-09","1996-10-23","1996-10-14",3,64.86,Königlich Essen,Maubelstr. 90,Brandenburg,"","14776",Germany,14,18.60,9,0.00
10325,KOENE,1,"1996-10-09","1996-10-23","1996-10-14",3,64.86,Königlich Essen,Maubelstr. 90,Brandenburg,"","14776",Germany,13,4.80,12,0.00
10325,KOENE,1,"1996-10-09","1996-10-23","1996-10-14",3,64.86,Königlich Essen,Maubelstr. 90,Brandenburg,"","14776",Germany,6,20.00,6,0.00
10326,BOLID,4,"1996-10-10","1996-11-07","1996-10-14",2,77.92,Bólido Comidas preparadas,"C/ Araquil, 67",Madrid,"","28023",Spain,75,6.20,50,0.00
10326,BOLID,4,"1996-10-10","1996-11-07","1996-10-14",2,77.92,Bólido Comidas preparadas,"C/ Araquil, 67",Madrid,"","28023",Spain,57,15.60,16,0.00
10326,BOLID,4,"1996-10-10","1996-11-07","1996-10-14",2,77.92,Bólido Comidas preparadas,"C/ Araquil, 67",Madrid,"","28023",Spain,4,17.60,24,0.00
10327,FOLKO,2,"1996-10-11","1996-11-08","1996-10-14",1,63.36,Folk och fä HB,Åkergatan 24,Bräcke,"",S-844 67,Sweden,58,10.60,30,0.20
10327,FOLKO,2,"1996-10-11","1996-11-08","1996-10-14",1,63.36,Folk och fä HB,Åkergatan 24,Bräcke,"",S-844 67,Sweden,30,20.70,35,0.20
10327,FOLKO,2,"1996-10-11","1996-11-08","1996-10-14",1,63.36,Folk och fä HB,Åkergatan 24,Bräcke,"",S-844 67,Sweden,11,16.80,50,0.20
10327,FOLKO,2,"1996-10-11","1996-11-08","1996-10-14",1,63.36,Folk och fä HB,Åkergatan 24,Bräcke,"",S-844 67,Sweden,2,15.20,25,0.20
10328,FURIB,4,"1996-10-14","1996-11-11","1996-10-17",3,87.03,Furia Bacalhau e Frutos do Mar,Jardim das rosas n. 32,Lisboa,"","1675",Portugal,68,10.00,10,0.00
10328,FURIB,4,"1996-10-14","1996-11-11","1996-10-17",3,87.03,Furia Bacalhau e Frutos do Mar,Jardim das rosas n. 32,Lisboa,"","1675",Portugal,65,16.80,40,0.00
10328,FURIB,4,"1996-10-14","1996-11-11","1996-10-17",3,87.03,Furia Bacalhau e Frutos do Mar,Jardim das rosas n. 32,Lisboa,"","1675",Portugal,59,44.00,9,0.00
10329,SPLIR,4,"1996-10-15","1996-11-26","1996-10-23",2,191.67,Split Rail Beer & Ale,P.O. Box 555,Lander,WY,"82520",USA,56,30.40,12,0.05
10329,SPLIR,4,"1996-10-15","1996-11-26","1996-10-23",2,191.67,Split Rail Beer & Ale,P.O. Box 555,Lander,WY,"82520",USA,38,210.80,20,0.05
10329,SPLIR,4,"1996-10-15","1996-11-26","1996-10-23",2,191.67,Split Rail Beer & Ale,P.O. Box 555,Lander,WY,"82520",USA,30,20.70,8,0.05
10329,SPLIR,4,"1996-10-15","1996-11-26","1996-10-23",2,191.67,Split Rail Beer & Ale,P.O. Box 555,Lander,WY,"82520",USA,19,7.30,10,0.05
10330,LILAS,3,"1996-10-16","1996-11-13","1996-10-28",1,12.75,LILA-Supermercado,Carrera 52 con Ave. Bolívar #65-98 Llano Largo,Barquisimeto,Lara,"3508",Venezuela,72,27.80,25,0.15
10330,LILAS,3,"1996-10-16","1996-11-13","1996-10-28",1,12.75,LILA-Supermercado,Carrera 52 con Ave. Bolívar #65-98 Llano Largo,Barquisimeto,Lara,"3508",Venezuela,26,24.90,50,0.15
10331,BONAP,9,"1996-10-16","1996-11-27","1996-10-21",1,10.19,Bon app',"12, rue des Bouchers",Marseille,"","13008",France,54,5.90,15,0.00
10332,MEREP,3,"1996-10-17","1996-11-28","1996-10-21",2,52.84,Mère Paillarde,"43 rue St. Laurent",Montréal,Québec,H1J 1C3,Canada,47,7.60,16,0.20
10332,MEREP,3,"1996-10-17","1996-11-28","1996-10-21",2,52.84,Mère Paillarde,"43 rue St. Laurent",Montréal,Québec,H1J 1C3,Canada,42,11.20,10,0.20
10332,MEREP,3,"1996-10-17","1996-11-28","1996-10-21",2,52.84,Mère Paillarde,"43 rue St. Laurent",Montréal,Québec,H1J 1C3,Canada,18,50.00,40,0.20
10333,WARTH,5,"1996-10-18","1996-11-15","1996-10-25",3,0.59,Wartian Herkku,Torikatu 38,Oulu,"","90110",Finland,71,17.20,40,0.10
10333,WARTH,5,"1996-10-18","1996-11-15","1996-10-25",3,0.59,Wartian Herkku,Torikatu 38,Oulu,"","90110",Finland,21,8.00,10,0.10
10333,WARTH,5,"1996-10-18","1996-11-15","1996-10-25",3,0.59,Wartian Herkku,Torikatu 38,Oulu,"","90110",Finland,14,18.60,10,0.00
10334,VICTE,8,"1996-10-21","1996-11-18","1996-10-28",2,8.56,Victuailles en stock,"2, rue du Commerce",Lyon,"","69004",France,68,10.00,10,0.00
10334,VICTE,8,"1996-10-21","1996-11-18","1996-10-28",2,8.56,Victuailles en stock,"2, rue du Commerce",Lyon,"","69004",France,52,5.60,8,0.00
10335,HUNGO,7,"1996-10-22","1996-11-19","1996-10-24",2,42.11,Hungry Owl All-Night Grocers,"8 Johnstown Road",Cork,Co. Cork,"",Ireland,51,42.40,48,0.20
10335,HUNGO,7,"1996-10-22","1996-11-19","1996-10-24",2,42.11,Hungry Owl All-Night Grocers,"8 Johnstown Road",Cork,Co. Cork,"",Ireland,32,25.60,6,0.20
10335,HUNGO,7,"1996-10-22","1996-11-19","1996-10-24",2,42.11,Hungry Owl All-Night Grocers,"8 Johnstown Road",Cork,Co. Cork,"",Ireland,31,10.00,25,0.20
10335,HUNGO,7,"1996-10-22","1996-11-19","1996-10-24",2,42.11,Hungry Owl All-Night Grocers,"8 Johnstown Road",Cork,Co. Cork,"",Ireland,2,15.20,7,0.20
10336,PRINI,7,"1996-10-23","1996-11-20","1996-10-25",2,15.51,Princesa Isabel Vinhos,Estrada da saúde n. 58,Lisboa,"","1756",Portugal,4,17.60,18,0.10
10337,FRANK,4,"1996-10-24","1996-11-21","1996-10-29",3,108.26,Frankenversand,Berliner Platz 43,München,"","80805",Germany,72,27.80,25,0.00
10337,FRANK,4,"1996-10-24","1996-11-21","1996-10-29",3,108.26,Frankenversand,Berliner Platz 43,München,"","80805",Germany,37,20.80,28,0.00
10337,FRANK,4,"1996-10-24","1996-11-21","1996-10-29",3,108.26,Frankenversand,Berliner Platz 43,München,"","80805",Germany,36,15.20,20,0.00
10337,FRANK,4,"1996-10-24","1996-11-21","1996-10-29",3,108.26,Frankenversand,Berliner Platz 43,München,"","80805",Germany,26,24.90,24,0.00
10337,FRANK,4,"1996-10-24","1996-11-21","1996-10-29",3,108.26,Frankenversand,Berliner Platz 43,München,"","80805",Germany,23,7.20,40,0.00
10338,OLDWO,4,"1996-10-25","1996-11-22","1996-10-29",3,84.21,Old World Delicatessen,"2743 Bering St.",Anchorage,AK,"99508",USA,30,20.70,15,0.00
10338,OLDWO,4,"1996-10-25","1996-11-22","1996-10-29",3,84.21,Old World Delicatessen,"2743 Bering St.",Anchorage,AK,"99508",USA,17,31.20,20,0.00
10339,MEREP,2,"1996-10-28","1996-11-25","1996-11-04",2,15.66,Mère Paillarde,"43 rue St. Laurent",Montréal,Québec,H1J 1C3,Canada,62,39.40,28,0.00
10339,MEREP,2,"1996-10-28","1996-11-25","1996-11-04",2,15.66,Mère Paillarde,"43 rue St. Laurent",Montréal,Québec,H1J 1C3,Canada,17,31.20,70,0.05
10339,MEREP,2,"1996-10-28","1996-11-25","1996-11-04",2,15.66,Mère Paillarde,"43 rue St. Laurent",Montréal,Québec,H1J 1C3,Canada,4,17.60,10,0.00
10340,BONAP,1,"1996-10-29","1996-11-26","1996-11-08",3,166.31,Bon app',"12, rue des Bouchers",Marseille,"","13008",France,43,36.80,40,0.05
10340,BONAP,1,"1996-10-29","1996-11-26","1996-11-08",3,166.31,Bon app',"12, rue des Bouchers",Marseille,"","13008",France,41,7.70,12,0.05
10340,BONAP,1,"1996-10-29","1996-11-26","1996-11-08",3,166.31,Bon app',"12, rue des Bouchers",Marseille,"","13008",France,18,50.00,20,0.05
10341,SIMOB,7,"1996-10-29","1996-11-26","1996-11-05",3,26.78,Simons bistro,Vinbæltet 34,Kobenhavn,"","1734",Denmark,59,44.00,9,0.15
10341,SIMOB,7,"1996-10-29","1996-11-26","1996-11-05",3,26.78,Simons bistro,Vinbæltet 34,Kobenhavn,"","1734",Denmark,33,2.00,8,0.00
10342,FRANK,4,"1996-10-30","1996-11-13","1996-11-04",2,54.83,Frankenversand,Berliner Platz 43,München,"","80805",Germany,55,19.20,40,0.20
10342,FRANK,4,"1996-10-30","1996-11-13","1996-11-04",2,54.83,Frankenversand,Berliner Platz 43,München,"","80805",Germany,36,15.20,40,0.20
10342,FRANK,4,"1996-10-30","1996-11-13","1996-11-04",2,54.83,Frankenversand,Berliner Platz 43,München,"","80805",Germany,31,10.00,56,0.20
10342,FRANK,4,"1996-10-30","1996-11-13","1996-11-04",2,54.83,Frankenversand,Berliner Platz 43,München,"","80805",Germany,2,15.20,24,0.20
10343,LEHMS,4,"1996-10-31","1996-11-28","1996-11-06",1,110.37,Lehmanns Marktstand,Magazinweg 7,Frankfurt a.M.,"","60528",Germany,76,14.40,15,0.00
10343,LEHMS,4,"1996-10-31","1996-11-28","1996-11-06",1,110.37,Lehmanns Marktstand,Magazinweg 7,Frankfurt a.M.,"","60528",Germany,68,10.00,4,0.05
10343,LEHMS,4,"1996-10-31","1996-11-28","1996-11-06",1,110.37,Lehmanns Marktstand,Magazinweg 7,Frankfurt a.M.,"","60528",Germany,64,26.60,50,0.00
10344,WHITC,4,"1996-11-01","1996-11-29","1996-11-05",2,23.29,White Clover Markets,"1029 - 12th Ave. S.",Seattle,WA,"98124",USA,8,32.00,70,0.25
10344,WHITC,4,"1996-11-01","1996-11-29","1996-11-05",2,23.29,White Clover Markets,"1029 - 12th Ave. S.",Seattle,WA,"98124",USA,4,17.60,35,0.00
10345,QUICK,2,"1996-11-04","1996-12-02","1996-11-11",2,249.06,QUICK-Stop,Taucherstraße 10,Cunewalde,"","01307",Germany,42,11.20,9,0.00
10345,QUICK,2,"1996-11-04","1996-12-02","1996-11-11",2,249.06,QUICK-Stop,Taucherstraße 10,Cunewalde,"","01307",Germany,19,7.30,80,0.00
10345,QUICK,2,"1996-11-04","1996-12-02","1996-11-11",2,249.06,QUICK-Stop,Taucherstraße 10,Cunewalde,"","01307",Germany,8,32.00,70,0.00
10346,RATTC,3,"1996-11-05","1996-12-17","1996-11-08",3,142.08,Rattlesnake Canyon Grocery,"2817 Milton Dr.",Albuquerque,NM,"87110",USA,56,30.40,20,0.00
10346,RATTC,3,"1996-11-05","1996-12-17","1996-11-08",3,142.08,Rattlesnake Canyon Grocery,"2817 Milton Dr.",Albuquerque,NM,"87110",USA,17,31.20,36,0.10
10347,FAMIA,4,"1996-11-06","1996-12-04","1996-11-08",3,3.1,Familia Arquibaldo,"Rua Orós, 92",Sao Paulo,SP,"05442-030",Brazil,75,6.20,6,0.15
10347,FAMIA,4,"1996-11-06","1996-12-04","1996-11-08",3,3.1,Familia Arquibaldo,"Rua Orós, 92",Sao Paulo,SP,"05442-030",Brazil,40,14.70,4,0.00
10347,FAMIA,4,"1996-11-06","1996-12-04","1996-11-08",3,3.1,Familia Arquibaldo,"Rua Orós, 92",Sao Paulo,SP,"05442-030",Brazil,39,14.40,50,0.15
10347,FAMIA,4,"1996-11-06","1996-12-04","1996-11-08",3,3.1,Familia Arquibaldo,"Rua Orós, 92",Sao Paulo,SP,"05442-030",Brazil,25,11.20,10,0.00
10348,WANDK,4,"1996-11-07","1996-12-05","1996-11-15",2,0.78,Die Wandernde Kuh,Adenauerallee 900,Stuttgart,"","70563",Germany,23,7.20,25,0.00
10348,WANDK,4,"1996-11-07","1996-12-05","1996-11-15",2,0.78,Die Wandernde Kuh,Adenauerallee 900,Stuttgart,"","70563",Germany,1,14.40,15,0.15
10349,SPLIR,7,"1996-11-08","1996-12-06","1996-11-15",1,8.63,Split Rail Beer & Ale,P.O. Box 555,Lander,WY,"82520",USA,54,5.90,24,0.00
10350,LAMAI,6,"1996-11-11","1996-12-09","1996-12-03",2,64.19,La maison d'Asie,"1 rue Alsace-Lorraine",Toulouse,"","31000",France,69,28.80,18,0.10
10350,LAMAI,6,"1996-11-11","1996-12-09","1996-12-03",2,64.19,La maison d'Asie,"1 rue Alsace-Lorraine",Toulouse,"","31000",France,50,13.00,15,0.10
10351,ERNSH,1,"1996-11-11","1996-12-09","1996-11-20",1,162.33,Ernst Handel,Kirchgasse 6,Graz,"","8010",Austria,65,16.80,10,0.05
10351,ERNSH,1,"1996-11-11","1996-12-09","1996-11-20",1,162.33,Ernst Handel,Kirchgasse 6,Graz,"","8010",Austria,44,15.50,77,0.05
10351,ERNSH,1,"1996-11-11","1996-12-09","1996-11-20",1,162.33,Ernst Handel,Kirchgasse 6,Graz,"","8010",Austria,41,7.70,13,0.00
10351,ERNSH,1,"1996-11-11","1996-12-09","1996-11-20",1,162.33,Ernst Handel,Kirchgasse 6,Graz,"","8010",Austria,38,210.80,20,0.05
10352,FURIB,3,"1996-11-12","1996-11-26","1996-11-18",3,1.3,Furia Bacalhau e Frutos do Mar,Jardim das rosas n. 32,Lisboa,"","1675",Portugal,54,5.90,20,0.15
10352,FURIB,3,"1996-11-12","1996-11-26","1996-11-18",3,1.3,Furia Bacalhau e Frutos do Mar,Jardim das rosas n. 32,Lisboa,"","1675",Portugal,24,3.60,10,0.00
10353,PICCO,7,"1996-11-13","1996-12-11","1996-11-25",3,360.63,Piccolo und mehr,Geislweg 14,Salzburg,"","5020",Austria,38,210.80,50,0.20
10353,PICCO,7,"1996-11-13","1996-12-11","1996-11-25",3,360.63,Piccolo und mehr,Geislweg 14,Salzburg,"","5020",Austria,11,16.80,12,0.20
10354,PERIC,8,"1996-11-14","1996-12-12","1996-11-20",3,53.8,Pericles Comidas clásicas,Calle Dr. Jorge Cash 321,México D.F.,"","05033",Mexico,29,99.00,4,0.00
10354,PERIC,8,"1996-11-14","1996-12-12","1996-11-20",3,53.8,Pericles Comidas clásicas,Calle Dr. Jorge Cash 321,México D.F.,"","05033",Mexico,1,14.40,12,0.00
10355,AROUT,6,"1996-11-15","1996-12-13","1996-11-20",1,41.95,Around the Horn,Brook Farm Stratford St. Mary,Colchester,Essex,CO7 6JX,UK,57,15.60,25,0.00
10355,AROUT,6,"1996-11-15","1996-12-13","1996-11-20",1,41.95,Around the Horn,Brook Farm Stratford St. Mary,Colchester,Essex,CO7 6JX,UK,24,3.60,25,0.00
10356,WANDK,6,"1996-11-18","1996-12-16","1996-11-27",2,36.71,Die Wandernde Kuh,Adenauerallee 900,Stuttgart,"","70563",Germany,69,28.80,20,0.00
10356,WANDK,6,"1996-11-18","1996-12-16","1996-11-27",2,36.71,Die Wandernde Kuh,Adenauerallee 900,Stuttgart,"","70563",Germany,55,19.20,12,0.00
10356,WANDK,6,"1996-11-18","1996-12-16","1996-11-27",2,36.71,Die Wandernde Kuh,Adenauerallee 900,Stuttgart,"","70563",Germany,31,10.00,30,0.00
10357,LILAS,1,"1996-11-19","1996-12-17","1996-12-02",3,34.88,LILA-Supermercado,Carrera 52 con Ave. Bolívar #65-98 Llano Largo,Barquisimeto,Lara,"3508",Venezuela,60,27.20,8,0.20
10357,LILAS,1,"1996-11-19","1996-12-17","1996-12-02",3,34.88,LILA-Supermercado,Carrera 52 con Ave. Bolívar #65-98 Llano Largo,Barquisimeto,Lara,"3508",Venezuela,26,24.90,16,0.00
10357,LILAS,1,"1996-11-19","1996-12-17","1996-12-02",3,34.88,LILA-Supermercado,Carrera 52 con Ave. Bolívar #65-98 Llano Largo,Barquisimeto,Lara,"3508",Venezuela,10,24.80,30,0.20
10358,LAMAI,5,"1996-11-20","1996-12-18","1996-11-27",1,19.64,La maison d'Asie,"1 rue Alsace-Lorraine",Toulouse,"","31000",France,36,15.20,20,0.05
10358,LAMAI,5,"1996-11-20","1996-12-18","1996-11-27",1,19.64,La maison d'Asie,"1 rue Alsace-Lorraine",Toulouse,"","31000",France,34,11.20,10,0.05
10358,LAMAI,5,"1996-11-20","1996-12-18","1996-11-27",1,19.64,La maison d'Asie,"1 rue Alsace-Lorraine",Toulouse,"","31000",France,24,3.60,10,0.05
10359,SEVES,5,"1996-11-21","1996-12-19","1996-11-26",3,288.43,Seven Seas Imports,"90 Wadhurst Rd.",London,"",OX15 4NB,UK,60,27.20,80,0.05
10359,SEVES,5,"1996-11-21","1996-12-19","1996-11-26",3,288.43,Seven Seas Imports,"90 Wadhurst Rd.",London,"",OX15 4NB,UK,31,10.00,70,0.05
10359,SEVES,5,"1996-11-21","1996-12-19","1996-11-26",3,288.43,Seven Seas Imports,"90 Wadhurst Rd.",London,"",OX15 4NB,UK,16,13.90,56,0.05
10360,BLONP,4,"1996-11-22","1996-12-20","1996-12-02",3,131.7,Blondel père et fils,"24, place Kléber",Strasbourg,"","67000",France,54,5.90,28,0.00
10360,BLONP,4,"1996-11-22","1996-12-20","1996-12-02",3,131.7,Blondel père et fils,"24, place Kléber",Strasbourg,"","67000",France,49,16.00,35,0.00
10360,BLONP,4,"1996-11-22","1996-12-20","1996-12-02",3,131.7,Blondel père et fils,"24, place Kléber",Strasbourg,"","67000",France,38,210.80,10,0.00
10360,BLONP,4,"1996-11-22","1996-12-20","1996-12-02",3,131.7,Blondel père et fils,"24, place Kléber",Strasbourg,"","67000",France,29,99.00,35,0.00
10360,BLONP,4,"1996-11-22","1996-12-20","1996-12-02",3,131.7,Blondel père et fils,"24, place Kléber",Strasbourg,"","67000",France,28,36.40,30,0.00
10361,QUICK,1,"1996-11-22","1996-12-20","1996-12-03",2,183.17,QUICK-Stop,Taucherstraße 10,Cunewalde,"","01307",Germany,60,27.20,55,0.10
10361,QUICK,1,"1996-11-22","1996-12-20","1996-12-03",2,183.17,QUICK-Stop,Taucherstraße 10,Cunewalde,"","01307",Germany,39,14.40,54,0.10
10362,BONAP,3,"1996-11-25","1996-12-23","1996-11-28",1,96.04,Bon app',"12, rue des Bouchers",Marseille,"","13008",France,54,5.90,24,0.00
10362,BONAP,3,"1996-11-25","1996-12-23","1996-11-28",1,96.04,Bon app',"12, rue des Bouchers",Marseille,"","13008",France,51,42.40,20,0.00
10362,BONAP,3,"1996-11-25","1996-12-23","1996-11-28",1,96.04,Bon app',"12, rue des Bouchers",Marseille,"","13008",France,25,11.20,50,0.00
10363,DRACD,4,"1996-11-26","1996-12-24","1996-12-04",3,30.54,Drachenblut Delikatessen,Walserweg 21,Aachen,"","52066",Germany,76,14.40,12,0.00
10363,DRACD,4,"1996-11-26","1996-12-24","1996-12-04",3,30.54,Drachenblut Delikatessen,Walserweg 21,Aachen,"","52066",Germany,75,6.20,12,0.00
10363,DRACD,4,"1996-11-26","1996-12-24","1996-12-04",3,30.54,Drachenblut Delikatessen,Walserweg 21,Aachen,"","52066",Germany,31,10.00,20,0.00
10364,EASTC,1,"1996-11-26","1997-01-07","1996-12-04",1,71.97,Eastern Connection,"35 King George",London,"",WX3 6FW,UK,71,17.20,5,0.00
10364,EASTC,1,"1996-11-26","1997-01-07","1996-12-04",1,71.97,Eastern Connection,"35 King George",London,"",WX3 6FW,UK,69,28.80,30,0.00
10365,ANTON,3,"1996-11-27","1996-12-25","1996-12-02",2,22.0,Antonio Moreno Taquería,Mataderos  2312,México D.F.,"","05023",Mexico,11,16.80,24,0.00
10366,GALED,8,"1996-11-28","1997-01-09","1996-12-30",2,10.14,Galería del gastronómo,"Rambla de Cataluña, 23",Barcelona,"","8022",Spain,77,10.40,5,0.00
10366,GALED,8,"1996-11-28","1997-01-09","1996-12-30",2,10.14,Galería del gastronómo,"Rambla de Cataluña, 23",Barcelona,"","8022",Spain,65,16.80,5,0.00
10367,VAFFE,7,"1996-11-28","1996-12-26","1996-12-02",3,13.55,Vaffeljernet,Smagsloget 45,Århus,"","8200",Denmark,77,10.40,7,0.00
10367,VAFFE,7,"1996-11-28","1996-12-26","1996-12-02",3,13.55,Vaffeljernet,Smagsloget 45,Århus,"","8200",Denmark,65,16.80,15,0.00
10367,VAFFE,7,"1996-11-28","1996-12-26","1996-12-02",3,13.55,Vaffeljernet,Smagsloget 45,Århus,"","8200",Denmark,54,5.90,18,0.00
10367,VAFFE,7,"1996-11-28","1996-12-26","1996-12-02",3,13.55,Vaffeljernet,Smagsloget 45,Århus,"","8200",Denmark,34,11.20,36,0.00
10368,ERNSH,2,"1996-11-29","1996-12-27","1996-12-02",2,101.95,Ernst Handel,Kirchgasse 6,Graz,"","8010",Austria,64,26.60,35,0.10
10368,ERNSH,2,"1996-11-29","1996-12-27","1996-12-02",2,101.95,Ernst Handel,Kirchgasse 6,Graz,"","8010",Austria,57,15.60,25,0.00
10368,ERNSH,2,"1996-11-29","1996-12-27","1996-12-02",2,101.95,Ernst Handel,Kirchgasse 6,Graz,"","8010",Austria,28,36.40,13,0.10
10368,ERNSH,2,"1996-11-29","1996-12-27","1996-12-02",2,101.95,Ernst Handel,Kirchgasse 6,Graz,"","8010",Austria,21,8.00,5,0.10
10369,SPLIR,8,"1996-12-02","1996-12-30","1996-12-09",2,195.68,Split Rail Beer & Ale,P.O. Box 555,Lander,WY,"82520",USA,56,30.40,18,0.25
10369,SPLIR,8,"1996-12-02","1996-12-30","1996-12-09",2,195.68,Split Rail Beer & Ale,P.O. Box 555,Lander,WY,"82520",USA,29,99.00,20,0.00
10370,CHOPS,6,"1996-12-03","1996-12-31","1996-12-27",2,1.17,Chop-suey Chinese,Hauptstr. 31,Bern,"","3012",Switzerland,74,8.00,20,0.15
10370,CHOPS,6,"1996-12-03","1996-12-31","1996-12-27",2,1.17,Chop-suey Chinese,Hauptstr. 31,Bern,"","3012",Switzerland,64,26.60,30,0.00
10370,CHOPS,6,"1996-12-03","1996-12-31","1996-12-27",2,1.17,Chop-suey Chinese,Hauptstr. 31,Bern,"","3012",Switzerland,1,14.40,15,0.15
10371,LAMAI,1,"1996-12-03","1996-12-31","1996-12-24",1,0.45,La maison d'Asie,"1 rue Alsace-Lorraine",Toulouse,"","31000",France,36,15.20,6,0.20
10372,QUEEN,5,"1996-12-04","1997-01-01","1996-12-09",2,890.78,Queen Cozinha,"Alameda dos Canàrios, 891",Sao Paulo,SP,"05487-020",Brazil,72,27.80,42,0.25
10372,QUEEN,5,"1996-12-04","1997-01-01","1996-12-09",2,890.78,Queen Cozinha,"Alameda dos Canàrios, 891",Sao Paulo,SP,"05487-020",Brazil,60,27.20,70,0.25
10372,QUEEN,5,"1996-12-04","1997-01-01","1996-12-09",2,890.78,Queen Cozinha,"Alameda dos Canàrios, 891",Sao Paulo,SP,"05487-020",Brazil,38,210.80,40,0.25
10372,QUEEN,5,"1996-12-04","1997-01-01","1996-12-09",2,890.78,Queen Cozinha,"Alameda dos Canàrios, 891",Sao Paulo,SP,"05487-020",Brazil,20,64.80,12,0.25
10373,HUNGO,4,"1996-12-05","1997-01-02","1996-12-11",3,124.12,Hungry Owl All-Night Grocers,"8 Johnstown Road",Cork,Co. Cork,"",Ireland,71,17.20,50,0.20
10373,HUNGO,4,"1996-12-05","1997-01-02","1996-12-11",3,124.12,Hungry Owl All-Night Grocers,"8 Johnstown Road",Cork,Co. Cork,"",Ireland,58,10.60,80,0.20
10374,WOLZA,1,"1996-12-05","1997-01-02","1996-12-09",3,3.94,Wolski Zajazd,ul. Filtrowa 68,Warszawa,"","01-012",Poland,58,10.60,15,0.00
10374,WOLZA,1,"1996-12-05","1997-01-02","1996-12-09",3,3.94,Wolski Zajazd,ul. Filtrowa 68,Warszawa,"","01-012",Poland,31,10.00,30,0.00
10375,HUNGC,3,"1996-12-06","1997-01-03","1996-12-09",2,20.12,Hungry Coyote Import Store,City Center Plaza 516 Main St.,Elgin,OR,"97827",USA,54,5.90,10,0.00
10375,HUNGC,3,"1996-12-06","1997-01-03","1996-12-09",2,20.12,Hungry Coyote Import Store,City Center Plaza 516 Main St.,Elgin,OR,"97827",USA,14,18.60,15,0.00
10376,MEREP,1,"1996-12-09","1997-01-06","1996-12-13",2,20.39,Mère Paillarde,"43 rue St. Laurent",Montréal,Québec,H1J 1C3,Canada,31,10.00,42,0.05
10377,SEVES,1,"1996-12-09","1997-01-06","1996-12-13",3,22.21,Seven Seas Imports,"90 Wadhurst Rd.",London,"",OX15 4NB,UK,39,14.40,20,0.15
10377,SEVES,1,"1996-12-09","1997-01-06","1996-12-13",3,22.21,Seven Seas Imports,"90 Wadhurst Rd.",London,"",OX15 4NB,UK,28,36.40,20,0.15
10378,FOLKO,5,"1996-12-10","1997-01-07","1996-12-19",3,5.44,Folk och fä HB,Åkergatan 24,Bräcke,"",S-844 67,Sweden,71,17.20,6,0.00
10379,QUEDE,2,"1996-12-11","1997-01-08","1996-12-13",1,45.03,Que Delícia,"Rua da Panificadora, 12",Rio de Janeiro,RJ,"02389-673",Brazil,65,16.80,20,0.10
10379,QUEDE,2,"1996-12-11","1997-01-08","1996-12-13",1,45.03,Que Delícia,"Rua da Panificadora, 12",Rio de Janeiro,RJ,"02389-673",Brazil,63,35.10,16,0.10
10379,QUEDE,2,"1996-12-11","1997-01-08","1996-12-13",1,45.03,Que Delícia,"Rua da Panificadora, 12",Rio de Janeiro,RJ,"02389-673",Brazil,41,7.70,8,0.10
10380,HUNGO,8,"1996-12-12","1997-01-09","1997-01-16",3,35.03,Hungry Owl All-Night Grocers,"8 Johnstown Road",Cork,Co. Cork,"",Ireland,70,12.00,30,0.00
10380,HUNGO,8,"1996-12-12","1997-01-09","1997-01-16",3,35.03,Hungry Owl All-Night Grocers,"8 Johnstown Road",Cork,Co. Cork,"",Ireland,60,27.20,6,0.10
10380,HUNGO,8,"1996-12-12","1997-01-09","1997-01-16",3,35.03,Hungry Owl All-Night Grocers,"8 Johnstown Road",Cork,Co. Cork,"",Ireland,53,26.20,20,0.10
10380,HUNGO,8,"1996-12-12","1997-01-09","1997-01-16",3,35.03,Hungry Owl All-Night Grocers,"8 Johnstown Road",Cork,Co. Cork,"",Ireland,30,20.70,18,0.10
10381,LILAS,3,"1996-12-12","1997-01-09","1996-12-13",3,7.99,LILA-Supermercado,Carrera 52 con Ave. Bolívar #65-98 Llano Largo,Barquisimeto,Lara,"3508",Venezuela,74,8.00,14,0.00
10382,ERNSH,4,"1996-12-13","1997-01-10","1996-12-16",1,94.77,Ernst Handel,Kirchgasse 6,Graz,"","8010",Austria,74,8.00,50,0.00
10382,ERNSH,4,"1996-12-13","1997-01-10","1996-12-16",1,94.77,Ernst Handel,Kirchgasse 6,Graz,"","8010",Austria,33,2.00,60,0.00
10382,ERNSH,4,"1996-12-13","1997-01-10","1996-12-16",1,94.77,Ernst Handel,Kirchgasse 6,Graz,"","8010",Austria,29,99.00,14,0.00
10382,ERNSH,4,"1996-12-13","1997-01-10","1996-12-16",1,94.77,Ernst Handel,Kirchgasse 6,Graz,"","8010",Austria,18,50.00,9,0.00
10382,ERNSH,4,"1996-12-13","1997-01-10","1996-12-16",1,94.77,Ernst Handel,Kirchgasse 6,Graz,"","8010",Austria,5,17.00,32,0.00
10383,AROUT,8,"1996-12-16","1997-01-13","1996-12-18",3,34.24,Around the Horn,Brook Farm Stratford St. Mary,Colchester,Essex,CO7 6JX,UK,56,30.40,20,0.00
10383,AROUT,8,"1996-12-16","1997-01-13","1996-12-18",3,34.24,Around the Horn,Brook Farm Stratford St. Mary,Colchester,Essex,CO7 6JX,UK,50,13.00,15,0.00
10383,AROUT,8,"1996-12-16","1997-01-13","1996-12-18",3,34.24,Around the Horn,Brook Farm Stratford St. Mary,Colchester,Essex,CO7 6JX,UK,13,4.80,20,0.00
10384,BERGS,3,"1996-12-16","1997-01-13","1996-12-20",3,168.64,Berglunds snabbköp,Berguvsvägen  8,Luleå,"",S-958 22,Sweden,60,27.20,15,0.00
10384,BERGS,3,"1996-12-16","1997-01-13","1996-12-20",3,168.64,Berglunds snabbköp,Berguvsvägen  8,Luleå,"",S-958 22,Sweden,20,64.80,28,0.00
10385,SPLIR,1,"1996-12-17","1997-01-14","1996-12-23",2,30.96,Split Rail Beer & Ale,P.O. Box 555,Lander,WY,"82520",USA,68,10.00,8,0.20
10385,SPLIR,1,"1996-12-17","1997-01-14","1996-12-23",2,30.96,Split Rail Beer & Ale,P.O. Box 555,Lander,WY,"82520",USA,60,27.20,20,0.20
10385,SPLIR,1,"1996-12-17","1997-01-14","1996-12-23",2,30.96,Split Rail Beer & Ale,P.O. Box 555,Lander,WY,"82520",USA,7,24.00,10,0.20
10386,FAMIA,9,"1996-12-18","1997-01-01","1996-12-25",3,13.99,Familia Arquibaldo,"Rua Orós, 92",Sao Paulo,SP,"05442-030",Brazil,34,11.20,10,0.00
10386,FAMIA,9,"1996-12-18","1997-01-01","1996-12-25",3,13.99,Familia Arquibaldo,"Rua Orós, 92",Sao Paulo,SP,"05442-030",Brazil,24,3.60,15,0.00
10387,SANTG,1,"1996-12-18","1997-01-15","1996-12-20",2,93.63,Santé Gourmet,Erling Skakkes gate 78,Stavern,"","4110",Norway,71,17.20,15,0.00
10387,SANTG,1,"1996-12-18","1997-01-15","1996-12-20",2,93.63,Santé Gourmet,Erling Skakkes gate 78,Stavern,"","4110",Norway,59,44.00,12,0.00
10387,SANTG,1,"1996-12-18","1997-01-15","1996-12-20",2,93.63,Santé Gourmet,Erling Skakkes gate 78,Stavern,"","4110",Norway,28,36.40,6,0.00
10387,SANTG,1,"1996-12-18","1997-01-15","1996-12-20",2,93.63,Santé Gourmet,Erling Skakkes gate 78,Stavern,"","4110",Norway,24,3.60,15,0.00
10388,SEVES,2,"1996-12-19","1997-01-16","1996-12-20",1,34.86,Seven Seas Imports,"90 Wadhurst Rd.",London,"",OX15 4NB,UK,53,26.20,40,0.00
10388,SEVES,2,"1996-12-19","1997-01-16","1996-12-20",1,34.86,Seven Seas Imports,"90 Wadhurst Rd.",London,"",OX15 4NB,UK,52,5.60,20,0.20
10388,SEVES,2,"1996-12-19","1997-01-16","1996-12-20",1,34.86,Seven Seas Imports,"90 Wadhurst Rd.",London,"",OX15 4NB,UK,45,7.60,15,0.20
10389,BOTTM,4,"1996-12-20","1997-01-17","1996-12-24",2,47.42,Bottom-Dollar Markets,"23 Tsawassen Blvd.",Tsawassen,BC,T2F 8M4,Canada,70,12.00,30,0.00
10389,BOTTM,4,"1996-12-20","1997-01-17","1996-12-24",2,47.42,Bottom-Dollar Markets,"23 Tsawassen Blvd.",Tsawassen,BC,T2F 8M4,Canada,62,39.40,20,0.00
10389,BOTTM,4,"1996-12-20","1997-01-17","1996-12-24",2,47.42,Bottom-Dollar Markets,"23 Tsawassen Blvd.",Tsawassen,BC,T2F 8M4,Canada,55,19.20,15,0.00
10389,BOTTM,4,"1996-12-20","1997-01-17","1996-12-24",2,47.42,Bottom-Dollar Markets,"23 Tsawassen Blvd.",Tsawassen,BC,T2F 8M4,Canada,10,24.80,16,0.00
10390,ERNSH,6,"1996-12-23","1997-01-20","1996-12-26",1,126.38,Ernst Handel,Kirchgasse 6,Graz,"","8010",Austria,72,27.80,24,0.10
10390,ERNSH,6,"1996-12-23","1997-01-20","1996-12-26",1,126.38,Ernst Handel,Kirchgasse 6,Graz,"","8010",Austria,46,9.60,45,0.00
10390,ERNSH,6,"1996-12-23","1997-01-20","1996-12-26",1,126.38,Ernst Handel,Kirchgasse 6,Graz,"","8010",Austria,35,14.40,40,0.10
10390,ERNSH,6,"1996-12-23","1997-01-20","1996-12-26",1,126.38,Ernst Handel,Kirchgasse 6,Graz,"","8010",Austria,31,10.00,60,0.10
10391,DRACD,3,"1996-12-23","1997-01-20","1996-12-31",3,5.45,Drachenblut Delikatessen,Walserweg 21,Aachen,"","52066",Germany,13,4.80,18,0.00
10392,PICCO,2,"1996-12-24","1997-01-21","1997-01-01",3,122.46,Piccolo und mehr,Geislweg 14,Salzburg,"","5020",Austria,69,28.80,50,0.00
10393,SAVEA,1,"1996-12-25","1997-01-22","1997-01-03",3,126.56,Save-a-lot Markets,"187 Suffolk Ln.",Boise,ID,"83720",USA,31,10.00,32,0.00
10393,SAVEA,1,"1996-12-25","1997-01-22","1997-01-03",3,126.56,Save-a-lot Markets,"187 Suffolk Ln.",Boise,ID,"83720",USA,26,24.90,70,0.25
10393,SAVEA,1,"1996-12-25","1997-01-22","1997-01-03",3,126.56,Save-a-lot Markets,"187 Suffolk Ln.",Boise,ID,"83720",USA,25,11.20,7,0.25
10393,SAVEA,1,"1996-12-25","1997-01-22","1997-01-03",3,126.56,Save-a-lot Markets,"187 Suffolk Ln.",Boise,ID,"83720",USA,14,18.60,42,0.25
10393,SAVEA,1,"1996-12-25","1997-01-22","1997-01-03",3,126.56,Save-a-lot Markets,"187 Suffolk Ln.",Boise,ID,"83720",USA,2,15.20,25,0.25
10394,HUNGC,1,"1996-12-25","1997-01-22","1997-01-03",3,30.34,Hungry Coyote Import Store,City Center Plaza 516 Main St.,Elgin,OR,"97827",USA,62,39.40,10,0.00
10394,HUNGC,1,"1996-12-25","1997-01-22","1997-01-03",3,30.34,Hungry Coyote Import Store,City Center Plaza 516 Main St.,Elgin,OR,"97827",USA,13,4.80,10,0.00
10395,HILAA,6,"1996-12-26","1997-01-23","1997-01-03",1,184.41,HILARION-Abastos,Carrera 22 con Ave. Carlos Soublette #8-35,San Cristóbal,Táchira,"5022",Venezuela,69,28.80,8,0.00
10395,HILAA,6,"1996-12-26","1997-01-23","1997-01-03",1,184.41,HILARION-Abastos,Carrera 22 con Ave. Carlos Soublette #8-35,San Cristóbal,Táchira,"5022",Venezuela,53,26.20,70,0.10
10395,HILAA,6,"1996-12-26","1997-01-23","1997-01-03",1,184.41,HILARION-Abastos,Carrera 22 con Ave. Carlos Soublette #8-35,San Cristóbal,Táchira,"5022",Venezuela,46,9.60,28,0.10
10396,FRANK,1,"1996-12-27","1997-01-10","1997-01-06",3,135.35,Frankenversand,Berliner Platz 43,München,"","80805",Germany,72,27.80,21,0.00
10396,FRANK,1,"1996-12-27","1997-01-10","1997-01-06",3,135.35,Frankenversand,Berliner Platz 43,München,"","80805",Germany,71,17.20,60,0.00
10396,FRANK,1,"1996-12-27","1997-01-10","1997-01-06",3,135.35,Frankenversand,Berliner Platz 43,München,"","80805",Germany,23,7.20,40,0.00
10397,PRINI,5,"1996-12-27","1997-01-24","1997-01-02",1,60.26,Princesa Isabel Vinhos,Estrada da saúde n. 58,Lisboa,"","1756",Portugal,51,42.40,18,0.15
10397,PRINI,5,"1996-12-27","1997-01-24","1997-01-02",1,60.26,Princesa Isabel Vinhos,Estrada da saúde n. 58,Lisboa,"","1756",Portugal,21,8.00,10,0.15
10398,SAVEA,2,"1996-12-30","1997-01-27","1997-01-09",3,89.16,Save-a-lot Markets,"187 Suffolk Ln.",Boise,ID,"83720",USA,55,19.20,120,0.10
10398,SAVEA,2,"1996-12-30","1997-01-27","1997-01-09",3,89.16,Save-a-lot Markets,"187 Suffolk Ln.",Boise,ID,"83720",USA,35,14.40,30,0.00
10399,VAFFE,8,"1996-12-31","1997-01-14","1997-01-08",3,27.36,Vaffeljernet,Smagsloget 45,Århus,"","8200",Denmark,77,10.40,14,0.00
10399,VAFFE,8,"1996-12-31","1997-01-14","1997-01-08",3,27.36,Vaffeljernet,Smagsloget 45,Århus,"","8200",Denmark,76,14.40,35,0.00
10399,VAFFE,8,"1996-12-31","1997-01-14","1997-01-08",3,27.36,Vaffeljernet,Smagsloget 45,Århus,"","8200",Denmark,71,17.20,30,0.00
10399,VAFFE,8,"1996-12-31","1997-01-14","1997-01-08",3,27.36,Vaffeljernet,Smagsloget 45,Århus,"","8200",Denmark,68,10.00,60,0.00
